date,game_id,team,opponent,inning,count,player_1,player_2,player_3,player_4,player_5
2023/04/07,ARI202304070,ARI,LAN,6,2,Evan Longoria,Corbin Carroll,,,
2023/04/23,ARI202304230,ARI,SDN,7,2,Alek Thomas,Nick Ahmed,,,
2023/06/27,ARI202306270,ARI,TBA,1,2,Corbin Carroll,Christian Walker,,,
2023/07/04,ARI202307040,ARI,NYN,4,2,Christian Walker,Lourdes Gurriel Jr.,,,
2023/09/20,ARI202309200,ARI,SFN,7,2,Corbin Carroll,Ketel Marte,,,
2023/05/31,HOU202305310,HOU,MIN,8,2,Jake Meyers,Yainer Diaz,,,
2023/06/14,HOU202306140,HOU,WAS,4,2,Jose Abreu,Yainer Diaz,,,
2023/07/29,HOU202307290,HOU,TBA,7,2,Alex Bregman,Yordan Alvarez,,,
2023/08/21,HOU202308210,HOU,BOS,8,2,Chas McCormick,Yainer Diaz,,,
2023/09/13,HOU202309130,HOU,OAK,3,2,Yordan Alvarez,Alex Bregman,,,
2023/09/24,HOU202309240,KCA,HOU,3,2,Salvador Perez,Nelson Velazquez,,,
2023/05/31,BAL202305310,CLE,BAL,4,2,Josh Naylor,Josh Bell,,,
2023/09/17,BAL202309170,TBA,BAL,8,2,Tristan Gray,Christian Bethancourt,,,
2023/04/11,TOR202304110,TOR,DET,5,2,Kevin Kiermaier,George Springer,,,
2023/04/14,TOR202304140,TBA,TOR,7,2,Josh Lowe,Christian Bethancourt,,,
2023/05/12,BOS202305120,BOS,SLN,5,2,Enmanuel Valdez,Connor Wong,,,
2023/08/27,BOS202308270,BOS,LAN,8,2,Justin Turner,Adam Duvall,,,
2023/08/29,BOS202308290,HOU,BOS,1,2,Alex Bregman,Yordan Alvarez,,,
2023/09/09,BOS202309090,BAL,BOS,6,2,Jordan Westburg,James McCann,,,
2023/05/23,SEA202305230,SEA,OAK,5,2,J.P. Crawford,Ty France,,,
2023/05/26,SEA202305260,PIT,SEA,5,2,Jack Suwinski,Ke'Bryan Hayes,,,
2023/07/22,SEA202307220,SEA,TOR,3,2,Cal Raleigh,Dylan Moore,,,
2023/07/22,SEA202307220,TOR,SEA,5,2,Brandon Belt,Vladimir Guerrero Jr.,,,
2023/04/02,OAK202304020,ANA,OAK,5,2,Mike Trout,Shohei Ohtani,,,
2023/05/28,OAK202305280,HOU,OAK,7,2,Chas McCormick,Jose Altuve,,,
2023/05/28,OAK202305280,HOU,OAK,9,2,Jeremy Pena,Yordan Alvarez,,,
2023/09/20,OAK202309200,SEA,OAK,5,2,Julio Rodriguez,Cal Raleigh,,,
2023/05/07,CIN202305070,CIN,CHA,3,2,Spencer Steer,Tyler Stephenson,,,
2023/06/23,CIN202306230,ATL,CIN,8,2,Austin Riley,Matt Olson,,,
2023/07/01,CIN202307010,SDN,CIN,6,2,Juan Soto,Manny Machado,,,
2023/07/22,CIN202307220,CIN,ARI,6,3,TJ Friedl,Matt McLain,Jake Fraley,,
2023/08/04,CIN202308040,CIN,WAS,1,2,Nick Senzel,Matt McLain,,,
2023/08/06,CIN202308060,WAS,CIN,1,2,CJ Abrams,Lane Thomas,,,
2023/08/07,CIN202308070,CIN,MIA,4,2,Christian Encarnacion-Strand,Joey Votto,,,
2023/08/20,CIN202308200,TOR,CIN,4,2,Bo Bichette,Brandon Belt,,,
2023/09/03,CIN202309030,CIN,CHN,1,2,TJ Friedl,Spencer Steer,,,
2023/09/23,CIN202309230,CIN,PIT,1,2,Christian Encarnacion-Strand,Tyler Stephenson,,,
2023/04/04,MIL202304040,MIL,NYN,6,3,Rowdy Tellez,Brian Anderson,Garrett Mitchell,,
2023/04/04,MIL202304040,MIL,NYN,7,2,Brian Anderson,Garrett Mitchell,,,
2023/04/23,MIL202304230,BOS,MIL,8,2,Justin Turner,Masataka Yoshida,,,
2023/05/10,MIL202305100,LAN,MIL,4,2,Freddie Freeman,Will Smith,,,
2023/06/11,MIL202306110,OAK,MIL,4,2,Seth Brown,Brent Rooker,,,
2023/08/04,MIL202308040,PIT,MIL,6,2,Joshua Palacios,Bryan Reynolds,,,
2023/08/08,MIL202308080,COL,MIL,7,2,Elias Diaz,Nolan Jones,,,
2023/08/09,MIL202308090,MIL,COL,5,2,Willy Adames,Andruw Monasterio,,,
2023/09/03,MIL202309030,PHI,MIL,7,2,Alec Bohm,J.T. Realmuto,,,
2023/09/15,MIL202309150,MIL,WAS,5,2,William Contreras,Carlos Santana,,,
2023/04/27,TEX202304270,NYA,TEX,2,2,DJ LeMahieu,Gleyber Torres,,,
2023/04/30,TEX202304300,TEX,NYA,5,2,Nathaniel Lowe,Adolis Garcia,,,
2023/06/14,TEX202306140,TEX,ANA,7,2,Marcus Semien,Corey Seager,,,
2023/06/17,TEX202306170,TEX,TOR,2,2,Josh Jung,Jonah Heim,,,
2023/06/30,TEX202306300,TEX,HOU,4,2,Josh Jung,Jonah Heim,,,
2023/07/03,TEX202307030,HOU,TEX,2,2,Chas McCormick,Yainer Diaz,,,
2023/09/04,TEX202309040,HOU,TEX,6,2,Mauricio Dubon,Jose Altuve,,,
2023/09/04,TEX202309040,HOU,TEX,9,2,Mauricio Dubon,Jose Altuve,,,
2023/09/05,TEX202309050,HOU,TEX,3,2,Martin Maldonado,Jose Altuve,,,
2023/09/06,TEX202309060,HOU,TEX,9,2,Jose Abreu,Chas McCormick,,,
2023/09/10,TEX202309100,TEX,OAK,6,2,Marcus Semien,Corey Seager,,,
2023/09/20,TEX202309200,TEX,BOS,2,2,Jonah Heim,Mitch Garver,,,
2023/04/02,SLN202304020,SLN,TOR,1,2,Brendan Donovan,Alec Burleson,,,
2023/04/13,SLN202304130,PIT,SLN,8,2,Connor Joe,Rodolfo Castro,,,
2023/05/18,SLN202305180,SLN,LAN,3,3,Juan Yepez,Nolan Gorman,Paul DeJong,,
2023/06/13,SLN202306130,SFN,SLN,6,2,Mike Yastrzemski,Patrick Bailey,,,
2023/05/04,DET202305040,DET,NYN,1,2,Riley Greene,Javier Baez,,,
2023/06/14,DET202306141,DET,ATL,2,2,Miguel Cabrera,Eric Haase,,,
2023/08/21,DET202308210,DET,CHN,6,2,Spencer Torkelson,Kerry Carpenter,,,
2023/08/27,DET202308270,HOU,DET,7,2,Mauricio Dubon,Martin Maldonado,,,
2023/08/28,DET202308280,NYA,DET,7,2,Aaron Judge,Gleyber Torres,,,
2023/08/30,DET202308300,NYA,DET,4,2,Gleyber Torres,Giancarlo Stanton,,,
2023/09/26,DET202309260,DET,KCA,8,2,Akil Baddoo,Parker Meadows,,,
2023/04/26,PHI202304260,SEA,PHI,2,2,J.P. Crawford,Julio Rodriguez,,,
2023/06/09,PHI202306090,LAN,PHI,7,2,Mookie Betts,Freddie Freeman,,,
2023/08/08,PHI202308081,PHI,WAS,3,2,Kyle Schwarber,Alec Bohm,,,
2023/08/11,PHI202308110,MIN,PHI,2,2,Jorge Polanco,Max Kepler,,,
2023/08/11,PHI202308110,PHI,MIN,6,2,Bryson Stott,J.T. Realmuto,,,
2023/08/23,PHI202308230,PHI,SFN,6,2,Kyle Schwarber,Trea Turner,,,
2023/09/11,PHI202309111,ATL,PHI,6,2,Michael Harris II,Ronald Acuna Jr.,,,
2023/04/07,NYN202304070,NYN,MIA,8,2,Francisco Lindor,Pete Alonso,,,
2023/06/29,NYN202306290,NYN,MIL,3,2,Brett Baty,Brandon Nimmo,,,
2023/07/01,NYN202307010,NYN,SFN,3,2,Brandon Nimmo,Francisco Lindor,,,
2023/07/18,NYN202307180,NYN,CHA,1,2,Francisco Alvarez,Brett Baty,,,
2023/07/29,NYN202307290,NYN,WAS,9,2,Francisco Alvarez,Mark Vientos,,,
2023/08/15,NYN202308150,NYN,PIT,7,2,DJ Stewart,Jonathan Arauz,,,
2023/08/30,NYN202308300,NYN,TEX,2,2,Daniel Vogelbach,DJ Stewart,,,
2023/09/03,NYN202309030,SEA,NYN,4,2,Dominic Canzone,Mike Ford,,,
2023/04/23,ANA202304230,ANA,KCA,6,3,Taylor Ward,Mike Trout,Shohei Ohtani,,
2023/04/24,ANA202304240,OAK,ANA,1,2,Brent Rooker,Jesus Aguilar,,,
2023/04/24,ANA202304240,OAK,ANA,3,2,Brent Rooker,Jesus Aguilar,,,
2023/07/16,ANA202307160,HOU,ANA,9,2,Alex Bregman,Kyle Tucker,,,
2023/07/21,ANA202307210,PIT,ANA,4,2,Ji Man Choi,Henry Davis,,,
2023/07/23,ANA202307230,ANA,PIT,5,2,Andrew Velazquez,Luis Rengifo,,,
2023/08/22,ANA202308220,ANA,CIN,2,2,Brandon Drury,Mike Moustakas,,,
2023/09/06,ANA202309060,BAL,ANA,8,2,Anthony Santander,Austin Hays,,,
2023/09/25,ANA202309250,TEX,ANA,6,3,Adolis Garcia,Mitch Garver,Nathaniel Lowe,,
2023/09/27,ANA202309270,TEX,ANA,9,2,Evan Carter,Marcus Semien,,,
2023/08/02,MIA202308020,MIA,PHI,6,2,Josh Bell,Jazz Chisholm Jr.,,,
2023/08/14,MIA202308140,MIA,HOU,8,2,Jorge Soler,Luis Arraez,,,
2023/08/16,MIA202308160,HOU,MIA,1,2,Alex Bregman,Kyle Tucker,,,
2023/09/05,MIA202309050,MIA,LAN,8,2,Bryan De La Cruz,Jazz Chisholm Jr.,,,
2023/09/16,MIA202309160,ATL,MIA,1,2,Ozzie Albies,Austin Riley,,,
2023/04/12,CHN202304120,SEA,CHN,8,2,Teoscar Hernandez,Jarred Kelenic,,,
2023/04/21,CHN202304210,CHN,LAN,3,2,Cody Bellinger,Trey Mancini,,,
2023/04/23,CHN202304230,LAN,CHN,6,2,Max Muncy,J.D. Martinez,,,
2023/04/27,CHN202304270,CHN,SDN,2,2,Eric Hosmer,Nelson Velazquez,,,
2023/06/16,CHN202306160,CHN,BAL,3,2,Dansby Swanson,Christopher Morel,,,
2023/08/04,CHN202308040,ATL,CHN,4,2,Sean Murphy,Marcell Ozuna,,,
2023/09/10,CHN202309100,CHN,ARI,3,2,Cody Bellinger,Dansby Swanson,,,
2023/04/14,LAN202304140,CHN,LAN,8,2,Ian Happ,Seiya Suzuki,,,
2023/04/16,LAN202304160,CHN,LAN,6,2,Patrick Wisdom,Cody Bellinger,,,
2023/05/12,LAN202305120,LAN,SDN,7,2,Mookie Betts,Freddie Freeman,,,
2023/05/15,LAN202305150,LAN,MIN,1,2,Will Smith,Max Muncy,,,
2023/05/31,LAN202305310,WAS,LAN,2,2,Keibert Ruiz,CJ Abrams,,,
2023/06/15,LAN202306150,CHA,LAN,1,2,Luis Robert Jr.,Eloy Jimenez,,,
2023/06/15,LAN202306150,CHA,LAN,4,2,Jake Burger,Andrew Vaughn,,,
2023/06/23,LAN202306230,HOU,LAN,4,2,Mauricio Dubon,Kyle Tucker,,,
2023/07/05,LAN202307050,LAN,PIT,5,2,J.D. Martinez,David Peralta,,,
2023/08/28,LAN202308280,LAN,ARI,6,2,Jason Heyward,James Outman,,,
2023/04/11,TBA202304110,TBA,BOS,5,2,Yandy Diaz,Brandon Lowe,,,
2023/05/28,TBA202305280,LAN,TBA,2,2,Chris Taylor,Max Muncy,,,
2023/05/28,TBA202305280,LAN,TBA,6,2,J.D. Martinez,Chris Taylor,,,
2023/06/21,TBA202306210,TBA,BAL,2,2,Randy Arozarena,Isaac Paredes,,,
2023/08/27,TBA202308270,NYA,TBA,3,2,Kyle Higashioka,DJ LeMahieu,,,
2023/09/24,TBA202309240,TOR,TBA,9,2,Bo Bichette,Vladimir Guerrero Jr.,,,
2023/04/07,COL202304070,WAS,COL,1,2,Alex Call,Jeimer Candelario,,,
2023/04/11,COL202304110,COL,SLN,5,2,Ryan McMahon,C.J. Cron,,,
2023/06/23,COL202306230,ANA,COL,5,2,Shohei Ohtani,Mike Trout,,,
2023/06/24,COL202306240,ANA,COL,3,3,Mike Trout,Brandon Drury,Matt Thaiss,,
2023/07/18,COL202307180,COL,HOU,1,2,Kris Bryant,Ryan McMahon,,,
2023/09/28,COL202309280,COL,LAN,3,2,Elehuris Montero,Sean Bouchard,,,
2023/09/29,COL202309290,MIN,COL,7,2,Trevor Larnach,Ryan Jeffers,,,
2023/09/30,COL202309300,COL,MIN,7,2,Elehuris Montero,Sean Bouchard,,,
2023/04/01,WAS202304010,ATL,WAS,1,2,Ronald Acuna Jr.,Matt Olson,,,
2023/04/04,WAS202304040,TBA,WAS,9,2,Luke Raley,Josh Lowe,,,
2023/05/23,WAS202305230,WAS,SDN,5,2,CJ Abrams,Lane Thomas,,,
2023/06/19,WAS202306190,SLN,WAS,5,2,Brendan Donovan,Paul Goldschmidt,,,
2023/07/08,WAS202307080,WAS,TEX,1,2,Jeimer Candelario,Joey Meneses,,,
2023/08/16,WAS202308160,WAS,BOS,8,2,Keibert Ruiz,Stone Garrett,,,
2023/08/19,WAS202308190,PHI,WAS,8,2,Bryson Stott,Trea Turner,,,
2023/03/30,SDN202303300,COL,SDN,7,2,C.J. Cron,Elehuris Montero,,,
2023/04/03,SDN202304030,SDN,ARI,9,2,David Dahl,Ha-Seong Kim,,,
2023/04/29,SDN202304290,SFN,SDN,3,2,Brandon Crawford,LaMonte Wade Jr.,,,
2023/04/29,SDN202304290,SDN,SFN,4,2,Juan Soto,Xander Bogaerts,,,
2023/04/29,SDN202304290,SDN,SFN,5,2,Fernando Tatis Jr.,Manny Machado,,,
2023/04/29,SDN202304290,SFN,SDN,7,2,Blake Sabol,David Villar,,,
2023/06/04,SDN202306040,CHN,SDN,2,2,Yan Gomes,Trey Mancini,,,
2023/07/04,SDN202307040,SDN,ANA,6,2,Xander Bogaerts,Jake Cronenworth,,,
2023/09/01,SDN202309010,SDN,SFN,1,2,Fernando Tatis Jr.,Juan Soto,,,
2023/04/14,KCA202304140,ATL,KCA,1,2,Matt Olson,Austin Riley,,,
2023/05/05,KCA202305050,OAK,KCA,3,2,Brent Rooker,Ramon Laureano,,,
2023/05/22,KCA202305220,KCA,DET,1,2,Vinnie Pasquantino,Salvador Perez,,,
2023/06/14,KCA202306140,CIN,KCA,5,2,Matt McLain,Jonathan India,,,
2023/06/18,KCA202306180,ANA,KCA,5,2,Shohei Ohtani,Mike Trout,,,
2023/08/15,KCA202308150,SEA,KCA,4,2,Eugenio Suarez,Ty France,,,
2023/09/01,KCA202309010,KCA,BOS,1,2,Bobby Witt Jr.,Salvador Perez,,,
2023/04/11,SFN202304110,SFN,LAN,8,2,David Villar,Brandon Crawford,,,
2023/08/11,SFN202308110,TEX,SFN,6,2,Nathaniel Lowe,Mitch Garver,,,
2023/09/08,SFN202309080,SFN,COL,6,3,Wilmer Flores,Mitch Haniger,J.D. Davis,,
2023/04/13,NYA202304130,MIN,NYA,1,2,Edouard Julien,Carlos Correa,,,
2023/04/14,NYA202304140,NYA,MIN,1,2,Anthony Volpe,Aaron Judge,,,
2023/04/23,NYA202304230,TOR,NYA,6,2,Vladimir Guerrero Jr.,Daulton Varsho,,,
2023/05/10,NYA202305100,OAK,NYA,2,2,Carlos Perez,Jace Peterson,,,
2023/06/22,NYA202306220,SEA,NYA,4,2,Teoscar Hernandez,Cal Raleigh,,,
2023/07/03,NYA202307030,NYA,BAL,5,2,Anthony Volpe,Kyle Higashioka,,,
2023/07/09,NYA202307090,NYA,CHN,6,2,Anthony Volpe,Kyle Higashioka,,,
2023/07/25,NYA202307250,NYN,NYA,6,2,Pete Alonso,Daniel Vogelbach,,,
2023/07/31,NYA202307310,TBA,NYA,4,2,Isaac Paredes,Josh Lowe,,,
2023/08/03,NYA202308030,NYA,HOU,1,2,Giancarlo Stanton,Billy McKinney,,,
2023/08/06,NYA202308060,HOU,NYA,6,2,Jake Meyers,Martin Maldonado,,,
2023/08/24,NYA202308240,WAS,NYA,7,2,Alex Call,CJ Abrams,,,
2023/04/03,CHA202304030,SFN,CHA,5,2,Michael Conforto,Thairo Estrada,,,
2023/04/03,CHA202304030,SFN,CHA,5,2,Mike Yastrzemski,David Villar,,,
2023/04/29,CHA202304290,TBA,CHA,7,2,Randy Arozarena,Josh Lowe,,,
2023/04/30,CHA202304300,TBA,CHA,4,2,Taylor Walls,Luke Raley,,,
2023/05/29,CHA202305290,ANA,CHA,1,2,Brandon Drury,Matt Thaiss,,,
2023/06/19,CHA202306190,CHA,TEX,6,2,Andrew Vaughn,Luis Robert Jr.,,,
2023/07/25,CHA202307250,CHN,CHA,2,2,Dansby Swanson,Christopher Morel,,,
2023/07/26,CHA202307260,CHN,CHA,8,2,Ian Happ,Cody Bellinger,,,
2023/08/21,CHA202308210,SEA,CHA,5,2,Cal Raleigh,Teoscar Hernandez,,,
2023/08/25,CHA202308250,OAK,CHA,7,2,Nick Allen,Ryan Noda,,,
2023/04/23,CLE202304230,CLE,MIA,3,2,Jose Ramirez,Josh Bell,,,
2023/07/06,CLE202307060,CLE,KCA,6,2,Jose Ramirez,Josh Naylor,,,
2023/07/21,CLE202307210,PHI,CLE,7,2,J.T. Realmuto,Bryson Stott,,,
2023/09/26,CLE202309260,CLE,CIN,3,2,Kole Calhoun,Andres Gimenez,,,
2023/04/27,MIN202304270,MIN,KCA,4,2,Byron Buxton,Carlos Correa,,,
2023/05/13,MIN202305130,MIN,CHN,3,2,Joey Gallo,Alex Kirilloff,,,
2023/05/27,MIN202305270,MIN,TOR,5,2,Willi Castro,Matt Wallner,,,
2023/06/14,MIN202306140,MIL,MIN,2,2,Brian Anderson,Luis Urias,,,
2023/06/18,MIN202306180,DET,MIN,5,2,Spencer Torkelson,Kerry Carpenter,,,
2023/06/20,MIN202306200,MIN,BOS,9,2,Royce Lewis,Max Kepler,,,
2023/07/04,MIN202307040,MIN,KCA,5,2,Donovan Solano,Byron Buxton,,,
2023/07/09,MIN202307090,BAL,MIN,6,2,Adley Rutschman,Anthony Santander,,,
2023/08/16,MIN202308160,DET,MIN,7,2,Spencer Torkelson,Kerry Carpenter,,,
2023/08/16,MIN202308160,MIN,DET,9,2,Jorge Polanco,Max Kepler,,,
2023/09/13,MIN202309130,MIN,TBA,3,2,Matt Wallner,Kyle Farmer,,,
2023/04/20,PIT202304200,PIT,CIN,1,2,Connor Joe,Jack Suwinski,,,
2023/04/27,PIT202304270,PIT,LAN,6,2,Connor Joe,Rodolfo Castro,,,
2023/06/02,PIT202306020,PIT,SLN,7,2,Ke'Bryan Hayes,Josh Palacios,,,
2023/06/09,PIT202306090,PIT,NYN,8,2,Carlos Santana,Jack Suwinski,,,
2023/06/27,PIT202306270,PIT,SDN,3,2,Carlos Santana,Jack Suwinski,,,
2023/08/08,PIT202308080,PIT,ATL,5,2,Joshua Palacios,Bryan Reynolds,,,
2023/04/25,ATL202304250,ATL,MIA,8,2,Eddie Rosario,Ozzie Albies,,,
2023/05/28,ATL202305280,ATL,PHI,1,2,Matt Olson,Austin Riley,,,
2023/06/17,ATL202306170,ATL,COL,3,2,Eddie Rosario,Orlando Arcia,,,
2023/06/27,ATL202306270,ATL,MIN,2,2,Michael Harris II,Ronald Acuna Jr.,,,
2023/07/01,ATL202307010,ATL,MIA,1,2,Ronald Acuna Jr.,Ozzie Albies,,,
2023/07/20,ATL202307200,ARI,ATL,7,2,Dominic Canzone,Emmanuel Rivera,,,
2023/07/28,ATL202307280,ATL,MIL,7,2,Austin Riley,Matt Olson,,,
2023/08/01,ATL202308010,ATL,ANA,7,2,Orlando Arcia,Michael Harris II,,,
2023/08/02,ATL202308020,ATL,ANA,4,2,Austin Riley,Matt Olson,,,
2023/09/05,ATL202309050,ATL,SLN,6,2,Austin Riley,Matt Olson,,,
2024/08/05,CLE202408050,ARI,CLE,1,2,Ketel Marte,Gabriel Moreno,,,
2024/08/30,CLE202408300,CLE,PIT,5,2,Jhonkensy Noel,Andres Gimenez,,,
2024/09/14,CLE202409140,CLE,TBA,8,2,Lane Thomas,Jose Ramirez,,,
2024/09/27,CLE202409270,HOU,CLE,5,2,Victor Caratini,Zach Dezenzo,,,
2024/04/26,SDN202404260,PHI,SDN,3,2,Brandon Marsh,Nick Castellanos,,,
2024/05/12,SDN202405120,SDN,LAN,1,2,Fernando Tatis Jr.,Jake Cronenworth,,,
2024/05/24,SDN202405240,NYA,SDN,3,2,Juan Soto,Aaron Judge,,,
2024/06/06,SDN202406060,ARI,SDN,2,2,Eugenio Suarez,Gabriel Moreno,,,
2024/06/20,SDN202406200,SDN,MIL,1,2,Manny Machado,Jackson Merrill,,,
2024/09/08,SDN202409080,SFN,SDN,4,2,Jerar Encarnacion,Luis Matos,,,
2024/09/18,SDN202409180,SDN,HOU,8,3,Fernando Tatis Jr.,Manny Machado,Donovan Solano,,
2024/06/11,SEA202406110,CHA,SEA,3,2,Andrew Vaughn,Paul DeJong,,,
2024/06/13,SEA202406130,CHA,SEA,3,2,Andrew Vaughn,Luis Robert Jr.,,,
2024/08/04,SEA202408040,PHI,SEA,8,2,Bryce Harper,Alec Bohm,,,
2024/05/03,ARI202405030,SDN,ARI,4,2,Fernando Tatis Jr.,Jake Cronenworth,,,
2024/06/28,ARI202406280,OAK,ARI,9,2,Brent Rooker,Shea Langeliers,,,
2024/08/31,ARI202408310,LAN,ARI,1,3,Shohei Ohtani,Mookie Betts,Freddie Freeman,,
2024/09/10,ARI202409100,ARI,TEX,1,2,Joc Pederson,Christian Walker,,,
2024/09/14,ARI202409140,MIL,ARI,4,2,Garrett Mitchell,Willy Adames,,,
2024/09/28,ARI202409280,SDN,ARI,9,2,Kyle Higashioka,Brandon Lockridge,,,
2024/04/27,SFN202404270,PIT,SFN,10,2,Bryan Reynolds,Ke'Bryan Hayes,,,
2024/04/28,SFN202404280,SFN,PIT,3,2,Thairo Estrada,Mike Yastrzemski,,,
2024/06/26,SFN202406260,SFN,CHN,2,2,Michael Conforto,David Villar,,,
2024/07/10,SFN202407100,SFN,TOR,9,2,Patrick Bailey,Matt Chapman,,,
2024/05/05,PIT202405050,COL,PIT,2,2,Jacob Stallings,Sean Bouchard,,,
2024/05/11,PIT202405110,PIT,CHN,3,2,Connor Joe,Oneil Cruz,,,
2024/07/05,PIT202407050,PIT,NYN,8,2,Yasmani Grandal,Michael A. Taylor,,,
2024/08/02,PIT202408020,ARI,PIT,1,3,Ketel Marte,Joc Pederson,Josh Bell,,
2024/04/24,TEX202404240,TEX,SEA,4,2,Adolis Garcia,Evan Carter,,,
2024/04/27,TEX202404270,TEX,CIN,9,2,Davis Wendzel,Corey Seager,,,
2024/08/03,TEX202408030,TEX,BOS,4,2,Jonah Heim,Leody Taveras,,,
2024/03/31,KCA202403310,KCA,MIN,2,2,Kyle Isbel,Maikel Garcia,,,
2024/04/21,KCA202404210,BAL,KCA,3,2,Colton Cowser,Jordan Westburg,,,
2024/06/24,KCA202406240,KCA,MIA,4,2,Vinnie Pasquantino,Salvador Perez,,,
2024/06/28,KCA202406280,KCA,CLE,2,2,Salvador Perez,Hunter Renfroe,,,
2024/09/21,KCA202409210,SFN,KCA,4,2,LaMonte Wade Jr.,Matt Chapman,,,
2024/04/04,SLN202404040,MIA,SLN,5,2,Josh Bell,Jake Burger,,,
2024/07/14,SLN202407140,CHN,SLN,5,2,Tomas Nido,Pete Crow-Armstrong,,,
2024/07/14,SLN202407140,CHN,SLN,8,2,Ian Happ,Christopher Morel,,,
2024/07/23,TOR202407230,TOR,TBA,6,2,Vladimir Guerrero Jr.,Justin Turner,,,
2024/08/20,TOR202408200,TOR,CIN,3,2,Alejandro Kirk,Spencer Horwitz,,,
2024/08/21,TOR202408210,CIN,TOR,6,2,Noelvi Marte,Jonathan India,,,
2024/08/23,TOR202408230,TOR,ANA,9,2,Joey Loperfido,Addison Barger,,,
2024/07/09,BOS202407090,BOS,OAK,2,2,Wilyer Abreu,Dominic Smith,,,
2024/07/26,BOS202407260,NYA,BOS,7,2,Aaron Judge,Austin Wells,,,
2024/07/27,BOS202407270,NYA,BOS,1,2,Juan Soto,Aaron Judge,,,
2024/07/28,BOS202407280,BOS,NYA,4,2,Rob Refsnyder,Connor Wong,,,
2024/08/11,BOS202408110,HOU,BOS,5,2,Alex Bregman,Yordan Alvarez,,,
2024/09/09,BOS202409090,BOS,BAL,3,2,Rob Refsnyder,Tyler O'Neill,,,
2024/09/09,BOS202409090,BOS,BAL,8,2,Rob Refsnyder,Tyler O'Neill,,,
2024/05/06,LAN202405060,LAN,MIA,1,2,Shohei Ohtani,Freddie Freeman,,,
2024/05/20,LAN202405200,ARI,LAN,8,2,Lourdes Gurriel Jr.,Jake McCarthy,,,
2024/06/11,LAN202406110,LAN,TEX,6,2,Shohei Ohtani,Freddie Freeman,,,
2024/06/16,LAN202406160,LAN,KCA,6,2,Shohei Ohtani,Freddie Freeman,,,
2024/07/03,LAN202407030,LAN,ARI,1,2,Freddie Freeman,Teoscar Hernandez,,,
2024/07/04,LAN202407040,ARI,LAN,1,2,Joc Pederson,Christian Walker,,,
2024/07/21,LAN202407210,LAN,BOS,5,2,Austin Barnes,Shohei Ohtani,,,
2024/07/25,LAN202407250,LAN,SFN,8,2,Nick Ahmed,Shohei Ohtani,,,
2024/08/06,LAN202408060,PHI,LAN,9,2,Edmundo Sosa,Kyle Schwarber,,,
2024/09/11,LAN202409110,LAN,CHN,1,3,Tommy Edman,Will Smith,Max Muncy,,
2024/09/22,LAN202409220,LAN,COL,9,2,Shohei Ohtani,Mookie Betts,,,
2024/07/13,DET202407130,DET,LAN,5,2,Ryan Vilade,Andy Ibanez,,,
2024/07/26,DET202407260,MIN,DET,1,2,Byron Buxton,Trevor Larnach,,,
2024/08/01,DET202408010,KCA,DET,8,2,Bobby Witt Jr.,Vinnie Pasquantino,,,
2024/04/05,ANA202404050,BOS,ANA,2,2,Tyler O'Neill,Triston Casas,,,
2024/04/07,ANA202404070,BOS,ANA,3,2,Rafael Devers,Tyler O'Neill,,,
2024/05/24,ANA202405240,CLE,ANA,4,2,Jose Ramirez,Josh Naylor,,,
2024/08/13,ANA202408130,TOR,ANA,3,2,Vladimir Guerrero Jr.,Spencer Horwitz,,,
2024/09/16,ANA202409160,CHA,ANA,1,2,Andrew Benintendi,Andrew Vaughn,,,
2024/09/28,ANA202409280,ANA,TEX,3,2,Gustavo Campero,Niko Kavadas,,,
2024/05/20,ATL202405201,ATL,SDN,3,2,Marcell Ozuna,Matt Olson,,,
2024/07/02,ATL202407020,ATL,SFN,2,2,Austin Riley,Sean Murphy,,,
2024/07/20,ATL202407202,ATL,SLN,6,2,Marcell Ozuna,Eddie Rosario,,,
2024/08/08,ATL202408080,MIL,ATL,2,2,Jackson Chourio,Garrett Mitchell,,,
2024/09/15,ATL202409150,LAN,ATL,9,2,Tommy Edman,Max Muncy,,,
2024/07/23,OAK202407230,OAK,HOU,4,2,Seth Brown,Zack Gelof,,,
2024/08/23,OAK202408230,MIL,OAK,2,2,Rhys Hoskins,Joey Ortiz,,,
2024/04/16,TBA202404160,ANA,TBA,4,2,Mickey Moniak,Logan O'Hoppe,,,
2024/07/27,TBA202407270,TBA,CIN,5,2,Alex Jackson,Yandy Diaz,,,
2024/04/12,CHA202404120,CIN,CHA,3,2,Elly De La Cruz,Tyler Stephenson,,,
2024/05/10,CHA202405100,CHA,CLE,7,2,Korey Lee,Paul DeJong,,,
2024/06/07,CHA202406070,CHA,BOS,6,2,Gavin Sheets,Andrew Vaughn,,,
2024/07/26,CHA202407260,SEA,CHA,1,3,Josh Rojas,Dylan Moore,Victor Robles,,
2024/07/27,CHA202407270,SEA,CHA,5,2,Cal Raleigh,Jorge Polanco,,,
2024/07/29,CHA202407290,KCA,CHA,8,2,Hunter Renfroe,MJ Melendez,,,
2024/08/31,CHA202408310,NYN,CHA,1,2,Pete Alonso,Jesse Winker,,,
2024/03/31,CIN202403310,CIN,WAS,9,2,Will Benson,Christian Encarnacion-Strand,,,
2024/05/07,CIN202405070,ARI,CIN,7,2,Corbin Carroll,Ketel Marte,,,
2024/07/13,CIN202407130,MIA,CIN,3,2,Jake Burger,Josh Bell,,,
2024/07/13,CIN202407130,CIN,MIA,3,2,Elly De La Cruz,Jeimer Candelario,,,
2024/08/04,CIN202408040,CIN,SFN,2,2,Jeimer Candelario,Santiago Espinal,,,
2024/08/12,CIN202408120,CIN,SLN,3,2,Spencer Steer,Elly De La Cruz,,,
2024/04/27,BAL202404270,BAL,OAK,5,2,Adley Rutschman,Ryan Mountcastle,,,
2024/06/01,BAL202406010,BAL,TBA,1,2,Ryan Mountcastle,Anthony Santander,,,
2024/06/25,BAL202406250,BAL,CLE,4,2,James McCann,Colton Cowser,,,
2024/08/25,BAL202408250,HOU,BAL,7,2,Alex Bregman,Yainer Diaz,,,
2024/05/20,HOU202405200,ANA,HOU,5,2,Logan O'Hoppe,Jo Adell,,,
2024/05/21,HOU202405210,HOU,ANA,1,2,Kyle Tucker,Yordan Alvarez,,,
2024/06/05,HOU202406050,HOU,SLN,5,2,Yainer Diaz,Trey Cabbage,,,
2024/06/15,HOU202406150,DET,HOU,1,2,Matt Vierling,Riley Greene,,,
2024/09/21,HOU202409210,HOU,ANA,7,2,Yordan Alvarez,Kyle Tucker,,,
2024/08/10,NYA202408102,NYA,TEX,8,2,Giancarlo Stanton,Jazz Chisholm Jr.,,,
2024/08/11,NYA202408110,NYA,TEX,7,2,Juan Soto,Aaron Judge,,,
2024/08/20,NYA202408200,NYA,CLE,1,2,Juan Soto,Aaron Judge,,,
2024/08/25,NYA202408250,NYA,COL,7,2,Juan Soto,Aaron Judge,,,
2024/09/27,NYA202409270,PIT,NYA,6,2,Nick Gonzales,Bryan Reynolds,,,
2024/04/17,PHI202404170,PHI,COL,1,2,Kyle Schwarber,Trea Turner,,,
2024/06/21,PHI202406210,ARI,PHI,3,2,Gabriel Moreno,Joc Pederson,,,
2024/06/22,PHI202406220,PHI,ARI,3,2,Bryce Harper,Alec Bohm,,,
2024/08/15,PHI202408150,PHI,WAS,1,2,Alec Bohm,Nick Castellanos,,,
2024/08/18,PHI202408180,PHI,WAS,6,2,Bryson Stott,Brandon Marsh,,,
2024/08/28,PHI202408280,HOU,PHI,8,2,Chas McCormick,Yordan Alvarez,,,
2024/06/26,MIL202406260,TEX,MIL,4,2,Nathaniel Lowe,Jonah Heim,,,
2024/07/31,MIL202407310,ATL,MIL,4,2,Matt Olson,Travis d'Arnaud,,,
2024/07/31,MIL202407310,ATL,MIL,8,2,Matt Olson,Travis d'Arnaud,,,
2024/09/20,MIL202409200,MIL,ARI,5,2,William Contreras,Garrett Mitchell,,,
2024/09/22,MIL202409220,ARI,MIL,3,2,Josh Bell,Eugenio Suarez,,,
2024/04/01,MIA202404010,ANA,MIA,6,2,Nolan Schanuel,Mike Trout,,,
2024/06/07,MIA202406070,MIA,CLE,3,2,Bryan De La Cruz,Josh Bell,,,
2024/06/19,MIA202406190,MIA,SLN,1,2,Bryan De La Cruz,Jesus Sanchez,,,
2024/06/21,MIA202406210,MIA,SEA,6,2,Bryan De La Cruz,Josh Bell,,,
2024/08/09,MIA202408090,MIA,SDN,4,2,Jake Burger,Jonah Bride,,,
2024/09/22,MIA202409220,MIA,ATL,6,2,Connor Norby,Jesus Sanchez,,,
2024/06/05,WAS202406050,NYN,WAS,6,2,Luis Torrens,Francisco Lindor,,,
2024/06/06,WAS202406060,WAS,ATL,6,2,CJ Abrams,Lane Thomas,,,
2024/07/23,WAS202407230,SDN,WAS,5,2,Luis Arraez,Jurickson Profar,,,
2024/08/27,WAS202408270,WAS,NYA,4,2,Andres Chaparro,Jose Tena,,,
2024/05/10,NYN202405100,ATL,NYN,3,2,Ronald Acuna Jr.,Ozzie Albies,,,
2024/05/31,NYN202405310,ARI,NYN,9,2,Joc Pederson,Christian Walker,,,
2024/07/12,NYN202407120,NYN,COL,2,2,Mark Vientos,Jose Iglesias,,,
2024/07/27,NYN202407270,ATL,NYN,4,2,Marcell Ozuna,Matt Olson,,,
2024/05/22,CHN202405220,ATL,CHN,7,2,Marcell Ozuna,Matt Olson,,,
2024/06/19,CHN202406190,CHN,SFN,4,2,Ian Happ,Dansby Swanson,,,
2024/08/16,CHN202408160,CHN,TOR,5,2,Pete Crow-Armstrong,Miguel Amaya,,,
2024/09/04,CHN202409040,CHN,PIT,3,2,Dansby Swanson,Pete Crow-Armstrong,,,
2024/04/09,MIN202404090,MIN,LAN,9,2,Carlos Correa,Alex Kirilloff,,,
2024/04/25,MIN202404250,MIN,CHA,6,2,Edouard Julien,Ryan Jeffers,,,
2024/04/25,MIN202404250,MIN,CHA,8,2,Carlos Santana,Jose Miranda,,,
2024/05/08,MIN202405080,MIN,SEA,1,2,Carlos Correa,Trevor Larnach,,,
2024/06/16,MIN202406161,MIN,OAK,1,2,Carlos Correa,Royce Lewis,,,
2024/07/03,MIN202407030,DET,MIN,3,2,Carson Kelly,Wenceel Perez,,,
2024/04/27,COL202404270,HOU,COL,3,2,Yordan Alvarez,Kyle Tucker,,,
2024/06/20,COL202406200,LAN,COL,4,2,Will Smith,Freddie Freeman,,,
2024/08/27,COL202408270,COL,MIA,1,2,Charlie Blackmon,Ezequiel Tovar,,,
2024/09/18,COL202409180,ARI,COL,2,2,Corbin Carroll,Randal Grichuk,,,
2024/09/26,COL202409260,SLN,COL,1,2,Lars Nootbaar,Paul Goldschmidt,,,
2025/04/08,COL202504080,MIL,COL,7,2,Christian Yelich,William Contreras,,,
2025/05/21,COL202505210,PHI,COL,3,2,Trea Turner,Bryce Harper,,,
2025/08/03,COL202508030,COL,PIT,6,3,Mickey Moniak,Hunter Goodman,Jordan Beck,,
2025/08/05,COL202508050,TOR,COL,6,2,Vladimir Guerrero Jr.,Addison Barger,,,
2025/08/06,COL202508060,TOR,COL,9,2,Davis Schneider,Ernie Clement,,,
2025/08/17,COL202508170,ARI,COL,6,2,Corbin Carroll,Lourdes Gurriel Jr.,,,
2025/09/18,COL202509180,MIA,COL,3,2,Liam Hicks,Otto Lopez,,,
2025/04/21,CLE202504210,CLE,NYA,3,2,Jose Ramirez,Kyle Manzardo,,,
2025/05/31,CLE202505310,ANA,CLE,3,2,Yoan Moncada,Taylor Ward,,,
2025/08/12,CLE202508120,CLE,MIA,1,2,Jose Ramirez,Kyle Manzardo,,,
2025/09/10,TEX202509100,MIL,TEX,1,2,Brice Turang,Jackson Chourio,,,
2025/09/20,TEX202509200,MIA,TEX,6,2,Troy Johnston,Connor Norby,,,
2025/06/28,HOU202506280,CHN,HOU,4,2,Michael Busch,Nico Hoerner,,,
2025/07/09,HOU202507090,CLE,HOU,1,2,Angel Martinez,Jose Ramirez,,,
2025/08/28,HOU202508280,HOU,COL,1,2,Jose Altuve,Christian Walker,,,
2025/04/04,BOS202504040,BOS,SLN,1,2,Trevor Story,Wilyer Abreu,,,
2025/05/16,BOS202505160,ATL,BOS,2,2,Matt Olson,Sean Murphy,,,
2025/05/17,BOS202505170,ATL,BOS,1,2,Matt Olson,Marcell Ozuna,,,
2025/06/29,BOS202506290,TOR,BOS,1,2,Addison Barger,Vladimir Guerrero Jr.,,,
2025/08/04,BOS202508040,KCA,BOS,8,2,Vinnie Pasquantino,Maikel Garcia,,,
2025/05/02,ANA202505020,DET,ANA,9,2,Riley Greene,Colt Keith,,,
2025/06/20,ANA202506200,HOU,ANA,1,2,Jeremy Pena,Isaac Paredes,,,
2025/06/25,ANA202506250,ANA,BOS,4,2,Jo Adell,Travis d'Arnaud,,,
2025/09/06,ANA202509060,ANA,ATH,8,2,Matthew Lugo,Jo Adell,,,
2025/04/26,SEA202504260,SEA,MIA,1,2,Julio Rodriguez,Jorge Polanco,,,
2025/05/27,SEA202505270,SEA,WAS,1,2,Julio Rodriguez,Cal Raleigh,,,
2025/05/28,SEA202505280,WAS,SEA,2,2,Luis Garcia Jr.,Josh Bell,,,
2025/05/30,SEA202505300,SEA,MIN,1,2,Cal Raleigh,Randy Arozarena,,,
2025/06/05,SEA202506050,BAL,SEA,6,2,Adley Rutschman,Gunnar Henderson,,,
2025/06/13,SEA202506130,CLE,SEA,3,2,Nolan Jones,Steven Kwan,,,
2025/08/05,SEA202508050,CHA,SEA,9,2,Luis Robert Jr.,Colson Montgomery,,,
2025/08/06,SEA202508060,CHA,SEA,7,2,Mike Tauchman,Lenyn Sosa,,,
2025/08/09,SEA202508090,SEA,TBA,3,2,Cal Raleigh,Julio Rodriguez,,,
2025/09/24,SEA202509240,SEA,COL,1,2,Cal Raleigh,Julio Rodriguez,,,
2025/04/08,DET202504080,DET,NYA,4,2,Zach McKinstry,Dillon Dingler,,,
2025/07/13,DET202507130,SEA,DET,9,2,Jorge Polanco,Cole Young,,,
2025/07/24,DET202507240,TOR,DET,6,2,Ernie Clement,Joey Loperfido,,,
2025/07/26,DET202507260,TOR,DET,9,2,George Springer,Vladimir Guerrero Jr.,,,
2025/08/08,DET202508080,ANA,DET,5,2,Gustavo Campero,Zach Neto,,,
2025/09/02,DET202509020,NYN,DET,7,2,Juan Soto,Pete Alonso,,,
2025/08/09,SFN202508090,WAS,SFN,3,2,Paul DeJong,Josh Bell,,,
2025/08/17,SFN202508170,SFN,TBA,7,2,Drew Gilbert,Tyler Fitzgerald,,,
2025/05/03,MIL202505030,CHN,MIL,4,2,Pete Crow-Armstrong,Dansby Swanson,,,
2025/06/24,MIL202506240,MIL,PIT,4,2,Caleb Durbin,Joey Ortiz,,,
2025/07/13,MIL202507130,MIL,WAS,8,2,Jackson Chourio,Brice Turang,,,
2025/05/19,MIA202505190,MIA,CHN,1,2,Jesus Sanchez,Agustin Ramirez,,,
2025/09/05,MIA202509050,PHI,MIA,4,2,Brandon Marsh,Harrison Bader,,,
2025/05/31,NYN202505310,NYN,COL,4,2,Brandon Nimmo,Juan Soto,,,
2025/07/02,NYN202507022,NYN,MIL,2,2,Brandon Nimmo,Francisco Lindor,,,
2025/07/02,NYN202507022,MIL,NYN,6,2,Christian Yelich,Jackson Chourio,,,
2025/07/04,NYN202507040,NYA,NYN,1,2,Jasson Dominguez,Aaron Judge,,,
2025/08/12,NYN202508120,NYN,ATL,7,2,Francisco Alvarez,Brett Baty,,,
2025/08/15,NYN202508150,NYN,SEA,4,2,Francisco Lindor,Juan Soto,,,
2025/08/29,NYN202508290,MIA,NYN,9,2,Otto Lopez,Liam Hicks,,,
2025/04/29,CHA202504290,CHA,MIL,1,2,Andrew Benintendi,Luis Robert Jr.,,,
2025/05/21,CHA202505210,CHA,SEA,4,2,Lenyn Sosa,Joshua Palacios,,,
2025/06/06,CHA202506060,KCA,CHA,3,2,Maikel Garcia,Vinnie Pasquantino,,,
2025/06/19,CHA202506192,SLN,CHA,3,2,Alec Burleson,Nolan Arenado,,,
2025/06/23,CHA202506230,ARI,CHA,4,2,Ketel Marte,Pavin Smith,,,
2025/07/07,CHA202507070,TOR,CHA,5,2,Joey Loperfido,Nathan Lukes,,,
2025/07/11,CHA202507111,CLE,CHA,2,2,Daniel Schneemann,Angel Martinez,,,
2025/08/25,CHA202508250,CHA,KCA,4,2,Korey Lee,Brooks Baldwin,,,
2025/05/01,PIT202505010,CHN,PIT,5,2,Kyle Tucker,Seiya Suzuki,,,
2025/06/29,PIT202506290,PIT,NYN,1,2,Oneil Cruz,Tommy Pham,,,
2025/07/20,PIT202507200,CHA,PIT,1,2,Miguel Vargas,Mike Tauchman,,,
2025/09/17,PIT202509170,CHN,PIT,1,2,Ian Happ,Moises Ballesteros,,,
2025/03/31,PHI202503310,PHI,COL,8,2,Max Kepler,Nick Castellanos,,,
2025/06/20,PHI202506200,NYN,PHI,6,2,Pete Alonso,Jeff McNeil,,,
2025/06/21,PHI202506210,NYN,PHI,3,3,Francisco Lindor,Brandon Nimmo,Juan Soto,,
2025/07/19,PHI202507190,ANA,PHI,4,2,Taylor Ward,Jo Adell,,,
2025/07/23,PHI202507230,PHI,BOS,1,2,Kyle Schwarber,Bryce Harper,,,
2025/08/04,PHI202508040,PHI,BAL,8,2,Edmundo Sosa,Weston Wilson,,,
2025/09/09,PHI202509090,PHI,NYN,2,2,Otto Kemp,Harrison Bader,,,
2025/09/24,PHI202509240,PHI,MIA,7,2,Kyle Schwarber,Alec Bohm,,,
2025/09/24,PHI202509240,PHI,MIA,7,2,Otto Kemp,Edmundo Sosa,,,
2025/04/03,MIN202504030,HOU,MIN,2,2,Christian Walker,Jeremy Pena,,,
2025/06/08,MIN202506080,MIN,TOR,4,2,Brooks Lee,Christian Vazquez,,,
2025/06/23,MIN202506230,MIN,SEA,6,2,Trevor Larnach,Carlos Correa,,,
2025/07/08,MIN202507080,MIN,CHN,8,2,Ryan Jeffers,Willi Castro,,,
2025/07/12,MIN202507120,MIN,PIT,7,2,Byron Buxton,Willi Castro,,,
2025/07/30,MIN202507300,BOS,MIN,9,2,Romy Gonzalez,Masataka Yoshida,,,
2025/09/02,MIN202509020,CHA,MIN,7,2,Kyle Teel,Lenyn Sosa,,,
2025/04/12,TBA202504120,ATL,TBA,8,2,Ozzie Albies,Sean Murphy,,,
2025/05/11,TBA202505110,MIL,TBA,4,2,Christian Yelich,William Contreras,,,
2025/05/21,TBA202505210,TBA,HOU,5,2,Josh Lowe,Brandon Lowe,,,
2025/08/19,TBA202508190,NYA,TBA,1,3,Aaron Judge,Cody Bellinger,Giancarlo Stanton,,
2025/08/19,TBA202508190,NYA,TBA,4,2,Giancarlo Stanton,Ben Rice,,,
2025/08/20,TBA202508200,NYA,TBA,10,2,Giancarlo Stanton,Austin Wells,,,
2025/09/02,TBA202509020,SEA,TBA,4,2,Cal Raleigh,Julio Rodriguez,,,
2025/09/04,TBA202509040,CLE,TBA,9,2,Jose Ramirez,Kyle Manzardo,,,
2025/04/14,SDN202504140,SDN,CHN,8,2,Fernando Tatis Jr.,Luis Arraez,,,
2025/08/18,SDN202508180,SFN,SDN,1,2,Heliot Ramos,Rafael Devers,,,
2025/08/21,SDN202508210,SFN,SDN,6,2,Rafael Devers,Willy Adames,,,
2025/09/03,SDN202509030,BAL,SDN,3,3,Colton Cowser,Coby Mayo,Alex Jackson,,
2025/09/12,SDN202509120,COL,SDN,4,2,Blaine Crim,Kyle Farmer,,,
2025/08/25,SLN202508250,PIT,SLN,3,2,Bryan Reynolds,Spencer Horwitz,,,
2025/09/01,SLN202509010,ATH,SLN,4,2,JJ Bleday,Zack Gelof,,,
2025/09/05,SLN202509050,SFN,SLN,1,2,Rafael Devers,Willy Adames,,,
2025/04/17,BAL202504170,CLE,BAL,3,2,Daniel Schneemann,Austin Hedges,,,
2025/04/19,BAL202504190,BAL,CIN,1,2,Cedric Mullins,Gunnar Henderson,,,
2025/04/19,BAL202504190,BAL,CIN,7,2,Ramon Laureano,Jordan Westburg,,,
2025/04/29,BAL202504290,NYA,BAL,1,3,Trent Grisham,Aaron Judge,Ben Rice,,
2025/05/04,BAL202505040,KCA,BAL,7,2,Bobby Witt Jr.,Vinnie Pasquantino,,,
2025/05/14,BAL202505142,BAL,MIN,3,2,Cedric Mullins,Heston Kjerstad,,,
2025/05/15,BAL202505150,MIN,BAL,3,2,DaShawn Keirsey Jr.,Byron Buxton,,,
2025/05/18,BAL202505180,WAS,BAL,2,2,Dylan Crews,CJ Abrams,,,
2025/06/14,BAL202506140,BAL,ANA,6,2,Cedric Mullins,Gary Sanchez,,,
2025/06/24,BAL202506240,BAL,TEX,7,3,Gary Sanchez,Ramon Urias,Ryan O'Hearn,,
2025/07/13,BAL202507130,MIA,BAL,3,2,Kyle Stowers,Otto Lopez,,,
2025/07/28,BAL202507280,BAL,TOR,2,2,Cedric Mullins,Coby Mayo,,,
2025/07/29,BAL202507291,BAL,TOR,6,2,Tyler O'Neill,Ramon Urias,,,
2025/08/08,BAL202508080,BAL,ATH,1,2,Adley Rutschman,Ryan Mountcastle,,,
2025/09/07,BAL202509070,LAN,BAL,3,2,Shohei Ohtani,Mookie Betts,,,
2025/04/04,ATL202504040,ATL,MIA,7,2,Marcell Ozuna,Matt Olson,,,
2025/06/05,ATL202506050,ATL,ARI,6,2,Ronald Acuna Jr.,Drake Baldwin,,,
2025/08/07,ATL202508070,ATL,MIA,1,2,Drake Baldwin,Marcell Ozuna,,,
2025/08/23,ATL202508230,NYN,ATL,7,2,Pete Alonso,Mark Vientos,,,
2025/08/23,ATL202508230,NYN,ATL,9,2,Mark Vientos,Jeff McNeil,,,
2025/09/07,ATL202509070,SEA,ATL,3,2,Jorge Polanco,Josh Naylor,,,
2025/03/31,ATH202503310,CHN,ATH,1,2,Michael Busch,Dansby Swanson,,,
2025/04/24,ATH202504240,TEX,ATH,4,2,Josh Jung,Jonah Heim,,,
2025/05/09,ATH202505090,NYA,ATH,3,2,Paul Goldschmidt,Jasson Dominguez,,,
2025/05/21,ATH202505210,ANA,ATH,4,2,Logan O'Hoppe,Jo Adell,,,
2025/06/17,ATH202506170,HOU,ATH,4,2,Cam Smith,Mauricio Dubon,,,
2025/08/11,ATH202508110,TBA,ATH,7,2,Brandon Lowe,Junior Caminero,,,
2025/08/17,ATH202508170,ATH,ANA,3,2,Nick Kurtz,Shea Langeliers,,,
2025/09/24,ATH202509240,ATH,HOU,7,2,Shea Langeliers,Tyler Soderstrom,,,
2025/09/28,ATH202509280,KCA,ATH,7,2,Mike Yastrzemski,Carter Jensen,,,
2025/05/22,WAS202505220,ATL,WAS,1,2,Matt Olson,Marcell Ozuna,,,
2025/06/17,WAS202506170,COL,WAS,7,2,Hunter Goodman,Ryan McMahon,,,
2025/06/17,WAS202506170,COL,WAS,7,2,Michael Toglia,Sam Hilliard,,,
2025/08/15,WAS202508150,PHI,WAS,7,2,Kyle Schwarber,Bryce Harper,,,
2025/09/16,WAS202509161,ATL,WAS,4,2,Jurickson Profar,Matt Olson,,,
2025/03/29,NYA202503290,NYA,MIL,1,3,Paul Goldschmidt,Cody Bellinger,Aaron Judge,,
2025/03/29,NYA202503290,NYA,MIL,3,2,Aaron Judge,Jazz Chisholm Jr.,,,
2025/06/03,NYA202506030,NYA,CLE,7,2,Jazz Chisholm Jr.,Anthony Volpe,,,
2025/06/08,NYA202506080,BOS,NYA,8,2,Abraham Toro,Trevor Story,,,
2025/06/19,NYA202506190,NYA,ANA,2,2,Trent Grisham,Paul Goldschmidt,,,
2025/08/11,NYA202508110,NYA,MIN,3,2,Giancarlo Stanton,Ben Rice,,,
2025/08/27,NYA202508270,NYA,WAS,3,2,Aaron Judge,Cody Bellinger,,,
2025/09/24,NYA202509240,NYA,CHA,8,2,Trent Grisham,Aaron Judge,,,
2025/09/28,NYA202509280,BAL,NYA,4,2,Jordan Westburg,Gunnar Henderson,,,
2025/04/16,LAN202504160,COL,LAN,3,2,Michael Toglia,Mickey Moniak,,,
2025/04/27,LAN202504270,PIT,LAN,1,2,Andrew McCutchen,Enmanuel Valdez,,,
2025/05/13,LAN202505130,ATH,LAN,9,2,Miguel Andujar,JJ Bleday,,,
2025/05/19,LAN202505190,LAN,ARI,6,2,Shohei Ohtani,Mookie Betts,,,
2025/06/05,LAN202506050,NYN,LAN,3,2,Brandon Nimmo,Starling Marte,,,
2025/06/21,LAN202506210,WAS,LAN,4,2,James Wood,Luis Garcia Jr.,,,
2025/07/06,LAN202507060,HOU,LAN,8,2,Christian Walker,Yainer Diaz,,,
2025/08/05,LAN202508050,LAN,SLN,3,2,Max Muncy,Teoscar Hernandez,,,
2025/08/10,LAN202508100,TOR,LAN,8,2,Vladimir Guerrero Jr.,Addison Barger,,,
2025/09/19,LAN202509190,LAN,SFN,5,2,Shohei Ohtani,Mookie Betts,,,
2025/04/09,ARI202504090,ARI,BAL,5,2,Pavin Smith,Josh Naylor,,,
2025/06/10,ARI202506100,SEA,ARI,6,2,Randy Arozarena,Rowdy Tellez,,,
2025/07/01,ARI202507010,ARI,SFN,6,2,Randal Grichuk,James McCann,,,
2025/09/01,ARI202509010,ARI,TEX,1,2,Ketel Marte,Geraldo Perdomo,,,
2025/03/27,TOR202503270,BAL,TOR,8,2,Adley Rutschman,Jordan Westburg,,,
2025/03/31,TOR202503310,WAS,TOR,6,2,CJ Abrams,James Wood,,,
2025/04/30,TOR202504300,TOR,BOS,6,2,Daulton Varsho,Alejandro Kirk,,,
2025/06/03,TOR202506030,PHI,TOR,1,2,Trea Turner,Bryce Harper,,,
2025/06/17,TOR202506170,TOR,ARI,9,2,Bo Bichette,Addison Barger,,,
2025/08/30,TOR202508300,MIL,TOR,9,2,Jackson Chourio,Christian Yelich,,,
2025/09/26,TOR202509260,TBA,TOR,2,2,Junior Caminero,Jonathan Aranda,,,
2025/06/26,KCA202506260,TBA,KCA,6,2,Brandon Lowe,Junior Caminero,,,
2025/07/11,KCA202507110,NYN,KCA,9,2,Francisco Lindor,Juan Soto,,,
2025/09/20,KCA202509200,KCA,TOR,4,2,Bobby Witt Jr.,Vinnie Pasquantino,,,
2025/03/30,CIN202503300,CIN,SFN,6,2,Austin Wynns,Matt McLain,,,
2025/04/17,CIN202504170,SEA,CIN,9,2,Cal Raleigh,Randy Arozarena,,,
2025/04/30,CIN202504301,SLN,CIN,9,3,Victor Scott II,Lars Nootbaar,Masyn Winn,,
2025/06/06,CIN202506060,ARI,CIN,3,2,Ketel Marte,Geraldo Perdomo,,,
2025/06/19,CIN202506190,MIN,CIN,2,2,Kody Clemens,Byron Buxton,,,
2025/09/01,CIN202509010,TOR,CIN,9,2,Bo Bichette,Daulton Varsho,,,
2025/09/03,CIN202509030,TOR,CIN,4,2,Daulton Varsho,Alejandro Kirk,,,
2025/09/19,CIN202509190,CIN,CHN,6,2,Spencer Steer,Elly De La Cruz,,,
2025/04/18,CHN202504180,CHN,ARI,8,2,Kyle Tucker,Seiya Suzuki,,,
2025/04/19,CHN202504190,CHN,ARI,2,2,Seiya Suzuki,Michael Busch,,,
2025/06/21,CHN202506210,CHN,SEA,1,2,Ian Happ,Kyle Tucker,,,
2025/07/02,CHN202507020,CLE,CHN,2,2,Carlos Santana,Lane Thomas,,,
2025/07/04,CHN202507040,CHN,SLN,1,2,Seiya Suzuki,Pete Crow-Armstrong,,,
2025/07/04,CHN202507040,CHN,SLN,2,2,Michael Busch,Carson Kelly,,,
2025/07/04,CHN202507040,CHN,SLN,7,2,Dansby Swanson,Michael Busch,,,
2025/07/19,CHN202507190,CHN,BOS,1,2,Michael Busch,Kyle Tucker,,,
2025/07/19,CHN202507190,CHN,BOS,8,2,Pete Crow-Armstrong,Ian Happ,,,
2025/09/14,CHN202509140,TBA,CHN,1,2,Yandy Diaz,Junior Caminero,,,
