year,date,game_id,opponent,home_away,inning,streak,player_1,player_2,player_3
1962,1962/05/20,MLN196205202,MLN,Away,7,2,Felix Mantilla,Frank Thomas,
1962,1962/07/24,MLN196207240,MLN,Away,1,2,Felix Mantilla,Frank Thomas,
1962,1962/04/28,NYN196204280,PHI,Home,6,3,Frank Thomas,Charlie Neal,Gil Hodges
1962,1962/08/02,NYN196208020,PHI,Home,7,2,Frank Thomas,Marv Throneberry,
1962,1962/08/03,NYN196208030,CIN,Home,7,2,Frank Thomas,Marv Throneberry,
1963,1963/09/09,PHI196309090,PHI,Away,1,2,Ron Hunt,Jim Hickman,
1964,1964/08/28,CHN196408280,CHN,Away,2,2,Joe Christopher,George Altman,
1964,1964/06/05,NYN196406050,LAN,Home,3,2,Ed Kranepool,Charley Smith,
1965,1965/07/16,SLN196507160,SLN,Away,4,2,Charley Smith,Jesse Gonder,
1965,1965/08/26,NYN196508260,LAN,Home,8,2,Joe Christopher,Ron Swoboda,
1965,1965/04/23,SFN196504230,SFN,Away,9,2,Ron Swoboda,Jesse Gonder,
1966,1966/05/10,NYN196605100,HOU,Home,2,2,Johnny Lewis,Jim Hickman,
1966,1966/07/03,NYN196607031,PIT,Home,7,2,Eddie Bressoud,Ed Kranepool,
1966,1966/09/17,SFN196609170,SFN,Away,6,2,Ken Boyer,Al Luplow,
1966,1966/04/26,CHN196604260,CHN,Away,3,2,Ken Boyer,Ed Kranepool,
1970,1970/05/18,MON197005180,MON,Away,8,3,Dave Marshall,Joe Foy,Jerry Grote
1970,1970/05/19,MON197005190,MON,Away,7,2,Cleon Jones,Donn Clendenon,
1970,1970/06/12,NYN197006120,ATL,Home,8,2,Mike Jorgensen,Tommie Agee,
1970,1970/07/31,NYN197007310,SDN,Home,4,2,Cleon Jones,Wayne Garrett,
1971,1971/05/09,NYN197105090,SLN,Home,6,2,Donn Clendenon,Bob Aspromonte,
1971,1971/05/12,NYN197105120,HOU,Home,7,2,Ed Kranepool,Ken Boswell,
1971,1971/05/15,PIT197105150,PIT,Away,4,2,Dave Marshall,Cleon Jones,
1971,1971/06/29,PHI197106290,PHI,Away,8,2,Cleon Jones,Ed Kranepool,
1972,1972/04/23,NYN197204231,CHN,Home,6,2,Cleon Jones,Jim Fregosi,
1972,1972/08/06,NYN197208060,CHN,Home,1,2,Cleon Jones,John Milner,
1974,1974/05/29,CIN197405290,CIN,Away,7,2,Cleon Jones,John Milner,
1974,1974/07/20,SDN197407200,SDN,Away,5,3,George Theodore,Rusty Staub,Cleon Jones
1975,1975/07/17,NYN197507170,ATL,Home,6,2,Rusty Staub,Dave Kingman,
1976,1976/06/26,CHN197606260,CHN,Away,3,2,John Milner,Dave Kingman,
1976,1976/06/04,LAN197606040,LAN,Away,5,2,Dave Kingman,Ed Kranepool,
1979,1979/06/27,PIT197906270,PIT,Away,9,2,Willie Montanez,Steve Henderson,
1981,1981/09/22,NYN198109220,PIT,Home,2,2,Dave Kingman,Lee Mazzilli,
1982,1982/09/12,SLN198209120,SLN,Away,4,2,Brian Giles,Bruce Bochy,
1983,1983/09/25,CHN198309250,CHN,Away,9,2,George Foster,Gary Rajsich,
1983,1983/04/13,PHI198304130,PHI,Away,8,2,Bob Bailor,Dave Kingman,
1983,1983/07/31,NYN198307311,PIT,Home,8,2,Keith Hernandez,George Foster,
1983,1983/08/02,NYN198308020,MON,Home,8,2,George Foster,Darryl Strawberry,
1984,1984/09/30,MON198409300,MON,Away,2,2,Darryl Strawberry,George Foster,
1985,1985/09/03,SDN198509030,SDN,Away,4,2,Gary Carter,Darryl Strawberry,
1985,1985/06/20,NYN198506200,CHN,Home,3,2,George Foster,John Christensen,
1985,1985/07/20,NYN198507200,ATL,Home,4,2,Darryl Strawberry,Danny Heep,
1985,1985/09/19,NYN198509190,CHN,Home,2,2,Gary Carter,Darryl Strawberry,
1986,1986/07/27,ATL198607270,ATL,Away,3,3,Gary Carter,Darryl Strawberry,Kevin Mitchell
1986,1986/07/20,HOU198607200,HOU,Away,8,2,Kevin Mitchell,Keith Hernandez,
1986,1986/06/02,NYN198606020,SDN,Home,4,2,Danny Heep,George Foster,
1987,1987/06/18,MON198706180,MON,Away,7,2,Darryl Strawberry,Kevin McReynolds,
1987,1987/05/27,SFN198705270,SFN,Away,9,2,Darryl Strawberry,Gary Carter,
1987,1987/04/09,NYN198704090,PIT,Home,2,2,Darryl Strawberry,Kevin McReynolds,
1987,1987/04/30,NYN198704300,MON,Home,7,2,Howard Johnson,Dave Magadan,
1987,1987/05/29,SDN198705290,SDN,Away,4,2,Darryl Strawberry,Gary Carter,
1987,1987/07/10,HOU198707100,HOU,Away,6,2,Kevin McReynolds,Howard Johnson,
1987,1987/04/15,PHI198704150,PHI,Away,7,2,Gary Carter,Darryl Strawberry,
1987,1987/06/28,PHI198706280,PHI,Away,4,2,Keith Hernandez,Gary Carter,
1988,1988/04/04,MON198804040,MON,Away,7,2,Darryl Strawberry,Kevin McReynolds,
1988,1988/04/07,MON198804070,MON,Away,5,2,Darryl Strawberry,Gary Carter,
1988,1988/04/16,NYN198804160,SLN,Home,8,2,Gary Carter,Howard Johnson,
1988,1988/10/02,NYN198810020,SLN,Home,5,2,Keith Hernandez,D Strawberry,
1988,1988/07/25,PHI198807250,PHI,Away,4,2,Kevin McReynolds,Darryl Strawberry,
1988,1988/09/28,PHI198809280,PHI,Away,7,2,D Strawberry,K McReynolds,
1988,1988/05/01,CIN198805010,CIN,Away,5,3,Tim Teufel,Keith Hernandez,D Strawberry
1988,1988/09/07,CHN198809070,CHN,Away,9,2,Keith Hernandez,D Strawberry,
1989,1989/04/17,NYN198904170,PHI,Home,3,3,D Strawberry,K McReynolds,Keith Hernandez
1989,1989/05/18,NYN198905180,LAN,Home,8,2,K McReynolds,Dave Magadan,
1989,1989/08/16,NYN198908160,SDN,Home,5,2,Howard Johnson,Darryl Strawberry,
1989,1989/07/03,HOU198907030,HOU,Away,7,2,Tim Teufel,Mark Carreon,
1990,1990/05/05,NYN199005050,HOU,Home,1,2,Howard Johnson,Darryl Strawberry,
1990,1990/06/08,NYN199006080,PIT,Home,5,2,Gregg Jefferies,Darryl Strawberry,
1990,1990/06/09,NYN199006090,PIT,Home,7,2,Darryl Strawberry,Kevin McReynolds,
1990,1990/08/02,MON199008020,MON,Away,8,2,Darryl Strawberry,Kevin McReynolds,
1990,1990/08/04,SLN199008040,SLN,Away,9,2,Tim Teufel,Howard Johnson,
1991,1991/05/04,NYN199105040,SFN,Home,9,2,Mackey Sasser,Mark Carreon,
1991,1991/08/21,NYN199108212,SLN,Home,7,2,Kevin Elster,Kevin McReynolds,
1992,1992/08/20,LAN199208200,LAN,Away,4,2,Bobby Bonilla,Mackey Sasser,
1993,1993/07/18,SFN199307180,SFN,Away,9,2,Dave Gallagher,Jeff Kent,
1993,1993/08/31,NYN199308310,HOU,Home,2,2,Bobby Bonilla,Jeromy Burnitz,
1994,1994/04/04,CHN199404040,CHN,Away,3,2,Jose Vizcaino,Todd Hundley,
1995,1995/09/10,MON199509100,MON,Away,3,2,Carl Everett,Jeff Kent,
1995,1995/08/20,NYN199508200,LAN,Home,3,2,Jose Vizcaino,Carl Everett,
1995,1995/07/23,COL199507230,COL,Away,8,2,Jeff Kent,Chris Jones,
1996,1996/07/24,COL199607240,COL,Away,1,2,Bernard Gilkey,Todd Hundley,
1996,1996/04/16,NYN199604160,HOU,Home,7,2,Todd Hundley,Jeff Kent,
1996,1996/08/31,NYN199608310,SFN,Home,6,2,Roberto Petagine,Alvaro Espinoza,
1996,1996/06/13,SLN199606130,SLN,Away,7,2,Todd Hundley,Jeff Kent,
1996,1996/08/08,FLO199608080,FLO,Away,8,2,Bernard Gilkey,Todd Hundley,
1996,1996/08/11,FLO199608110,FLO,Away,6,2,Todd Hundley,Carlos Baerga,
1997,1997/04/28,CIN199704280,CIN,Away,5,2,Todd Hundley,Butch Huskey,
1997,1997/05/11,SLN199705110,SLN,Away,9,2,Carl Everett,Butch Huskey,
1997,1997/09/15,PHI199709151,PHI,Away,7,2,Bernard Gilkey,Butch Huskey,
1997,1997/09/11,NYN199709110,MON,Home,7,2,Edgardo Alfonzo,John Olerud,
1997,1997/06/29,PIT199706290,PIT,Away,8,2,John Olerud,Todd Hundley,
1998,1998/08/12,SLN199808120,SLN,Away,9,2,Jorge Fabregas,Mike Piazza,
1998,1998/06/22,BAL199806220,BAL,Away,2,2,Brian McRae,Butch Huskey,
1998,1998/06/05,BOS199806050,BOS,Away,3,2,Alberto Castillo,John Olerud,
1999,1999/05/21,NYN199905210,PHI,Home,3,2,John Olerud,Mike Piazza,
1999,1999/05/31,NYN199905310,CIN,Home,2,2,Bobby Bonilla,Brian McRae,
1999,1999/08/22,NYN199908221,SLN,Home,8,2,John Olerud,Mike Piazza,
1999,1999/09/19,NYN199909190,PHI,Home,3,2,John Olerud,Mike Piazza,
1999,1999/08/02,MIL199908020,MIL,Away,4,2,Robin Ventura,Darryl Hamilton,
1999,1999/04/09,MON199904090,MON,Away,1,2,Mike Piazza,Robin Ventura,
1999,1999/07/21,MON199907210,MON,Away,1,2,Mike Piazza,Robin Ventura,
1999,1999/06/15,CIN199906150,CIN,Away,1,2,John Olerud,Mike Piazza,
2000,2000/04/14,PIT200004140,PIT,Away,7,2,Mike Piazza,Robin Ventura,
2000,2000/05/09,PIT200005090,PIT,Away,3,2,Derek Bell,Edgardo Alfonzo,
2000,2000/05/10,PIT200005100,PIT,Away,3,2,Mike Piazza,Robin Ventura,
2000,2000/09/16,MON200009160,MON,Away,4,2,Edgardo Alfonzo,Robin Ventura,
2000,2000/08/20,LAN200008200,LAN,Away,6,2,Bubba Trammell,Lenny Harris,
2000,2000/05/23,SDN200005230,SDN,Away,2,2,Todd Zeile,Todd Pratt,
2000,2000/04/23,NYN200004230,CHN,Home,1,2,Edgardo Alfonzo,Mike Piazza,
2000,2000/05/12,NYN200005120,FLO,Home,5,2,Mike Piazza,Robin Ventura,
2000,2000/06/07,NYN200006070,BAL,Home,1,2,Edgardo Alfonzo,Mike Piazza,
2000,2000/06/26,NYN200006260,FLO,Home,7,2,Jay Payton,Benny Agbayani,
2000,2000/07/02,NYN200007020,ATL,Home,7,2,Mike Piazza,Todd Zeile,
2000,2000/08/17,NYN200008170,COL,Home,5,2,Todd Zeile,Benny Agbayani,
2000,2000/05/27,SLN200005270,SLN,Away,1,2,Robin Ventura,Todd Zeile,
2001,2001/06/07,PHI200106070,PHI,Away,3,2,Edgardo Alfonzo,Mike Piazza,
2001,2001/09/30,ATL200109300,ATL,Away,1,2,Edgardo Alfonzo,Mike Piazza,
2002,2002/04/10,CHN200204100,CHN,Away,8,2,Roberto Alomar,Mike Piazza,
2002,2002/09/12,MON200209120,MON,Away,9,2,Jeromy Burnitz,Jason Phillips,
2002,2002/07/03,PHI200207030,PHI,Away,6,2,Mike Piazza,Mo Vaughn,
2002,2002/05/03,HOU200205030,HOU,Away,5,2,John Valentin,Jay Payton,
2002,2002/06/26,NYN200206260,ATL,Home,2,2,Mo Vaughn,Jay Payton,
2002,2002/08/04,NYN200208040,ARI,Home,4,2,Roger Cedeno,Timoniel Perez,
2002,2002/09/04,NYN200209040,FLO,Home,7,2,Edgardo Alfonzo,Jeromy Burnitz,
2002,2002/09/05,NYN200209050,FLO,Home,2,2,Jeromy Burnitz,Ty Wigginton,
2003,2003/05/06,NYN200305060,LAN,Home,4,2,Tony Clark,Vance Wilson,
2004,2004/08/05,MIL200408050,MIL,Away,1,2,David Wright,Vance Wilson,
2004,2004/08/06,SLN200408060,SLN,Away,9,2,Mike Cameron,Richard Hidalgo,
2004,2004/07/18,NYN200407180,PHI,Home,5,2,Mike Cameron,Vance Wilson,
2004,2004/08/30,NYN200408300,FLO,Home,6,2,David Wright,Jason Phillips,
2004,2004/09/10,NYN200409100,PHI,Home,2,2,David Wright,Richard Hidalgo,
2004,2004/09/16,NYN200409160,ATL,Home,1,2,Richard Hidalgo,Todd Zeile,
2004,2004/05/30,FLO200405300,FLO,Away,3,2,Karim Garcia,Jason Phillips,
2004,2004/07/09,FLO200407090,FLO,Away,4,2,Ty Wigginton,Mike Cameron,
2004,2004/04/07,ATL200404070,ATL,Away,1,2,Mike Piazza,Mike Cameron,
2004,2004/07/05,PHI200407050,PHI,Away,1,2,Cliff Floyd,Richard Hidalgo,
2005,2005/09/17,NYN200509170,ATL,Home,4,2,Mike Piazza,Mike Jacobs,
2005,2005/09/29,NYN200509290,COL,Home,5,2,David Wright,Mike Piazza,
2005,2005/10/02,NYN200510020,COL,Home,2,2,Mike Jacobs,Victor Diaz,
2005,2005/07/27,COL200507270,COL,Away,4,2,Marlon Anderson,Ramon Castro,
2005,2005/04/10,ATL200504100,ATL,Away,8,2,Carlos Beltran,Cliff Floyd,
2005,2005/08/13,LAN200508130,LAN,Away,2,2,Ramon Castro,Gerald Williams,
2006,2006/06/13,PHI200606130,PHI,Away,3,2,Carlos Beltran,Carlos Delgado,
2006,2006/08/17,PHI200608170,PHI,Away,5,2,Carlos Beltran,Carlos Delgado,
2006,2006/04/22,SDN200604220,SDN,Away,2,2,Xavier Nady,Ramon Castro,
2006,2006/04/13,WAS200604130,WAS,Away,1,2,David Wright,Cliff Floyd,
2006,2006/05/21,NYN200605210,NYA,Home,4,2,Carlos Delgado,David Wright,
2007,2007/07/19,LAN200707190,LAN,Away,6,2,Carlos Delgado,Ramon Castro,
2007,2007/04/08,ATL200704080,ATL,Away,2,2,Shawn Green,Ramon Castro,
2007,2007/06/07,NYN200706070,PHI,Home,6,3,Carlos Delgado,David Wright,Paul Lo Duca
2007,2007/07/12,NYN200707120,CIN,Home,1,2,Jose Reyes,Ruben Gotay,
2007,2007/09/26,NYN200709260,WAS,Home,1,2,Carlos Beltran,Moises Alou,
2008,2008/05/10,NYN200805101,CIN,Home,7,2,Carlos Delgado,Brian Schneider,
2008,2008/05/11,NYN200805110,CIN,Home,5,2,Carlos Beltran,Ryan Church,
2008,2008/09/09,NYN200809090,WAS,Home,6,2,Carlos Beltran,Carlos Delgado,
2008,2008/05/23,COL200805230,COL,Away,6,2,Carlos Delgado,Fernando Tatis,
2008,2008/08/31,FLO200808310,FLO,Away,3,2,Nick Evans,David Wright,
2008,2008/05/22,ATL200805220,ATL,Away,2,2,Carlos Beltran,Carlos Delgado,
2009,2009/05/02,PHI200905020,PHI,Away,6,2,Dan Murphy,Ramon Castro,
2010,2010/05/07,NYN201005070,SFN,Home,2,2,Ike Davis,Rod Barajas,
2010,2010/06/27,NYN201006270,MIN,Home,5,2,David Wright,Ike Davis,
2011,2011/04/23,NYN201104230,ARI,Home,3,2,Jason Bay,Ike Davis,
2011,2011/07/23,FLO201107230,FLO,Away,9,2,Lucas Duda,Jose Reyes,
2011,2011/06/12,PIT201106120,PIT,Away,9,2,Scott Hairston,Jose Reyes,
2012,2012/09/25,NYN201209250,PIT,Home,1,2,Justin Turner,David Wright,
2013,2013/08/16,SDN201308160,SDN,Away,3,2,Marlon Byrd,Ike Davis,
2013,2013/07/21,NYN201307210,PHI,Home,1,2,David Wright,Marlon Byrd,
2013,2013/09/14,NYN201309142,MIA,Home,3,2,Daniel Murphy,Lucas Duda,
2014,2014/06/24,NYN201406240,OAK,Home,2,2,Curtis Granderson,Chris Young,
2014,2014/08/10,PHI201408100,PHI,Away,5,2,Lucas Duda,Travis d'Arnaud,
2015,2015/04/10,ATL201504100,ATL,Away,4,2,David Wright,John Mayberry,
2015,2015/08/21,COL201508210,COL,Away,7,2,Travis d'Arnaud,Michael Conforto,
2015,2015/07/10,NYN201507100,ARI,Home,1,2,Lucas Duda,Michael Cuddyer,
2015,2015/08/02,NYN201508020,WAS,Home,3,2,Curtis Granderson,Daniel Murphy,
2015,2015/08/24,PHI201508240,PHI,Away,4,2,Wilmer Flores,Travis d'Arnaud,
2015,2015/05/11,CHN201505110,CHN,Away,6,2,Lucas Duda,Wilmer Flores,
2015,2015/05/14,CHN201505140,CHN,Away,4,2,Wilmer Flores,Anthony Recker,
2015,2015/09/05,MIA201509050,MIA,Away,1,2,Travis d'Arnaud,Wilmer Flores,
2016,2016/05/23,WAS201605230,WAS,Away,5,2,Yoenis Cespedes,Neil Walker,
2016,2016/05/02,NYN201605020,ATL,Home,1,2,Yoenis Cespedes,Lucas Duda,
2016,2016/06/16,NYN201606160,PIT,Home,3,2,Neil Walker,Michael Conforto,
2016,2016/07/01,NYN201607010,CHN,Home,2,2,James Loney,Asdrubal Cabrera,
2016,2016/08/26,NYN201608260,PHI,Home,1,2,Jose Reyes,Asdrubal Cabrera,
2016,2016/09/16,NYN201609160,MIN,Home,3,2,Jose Reyes,Asdrubal Cabrera,
2016,2016/04/18,PHI201604180,PHI,Away,8,2,Lucas Duda,Neil Walker,
2016,2016/04/19,PHI201604190,PHI,Away,7,2,Lucas Duda,Neil Walker,
2016,2016/04/20,PHI201604200,PHI,Away,5,2,Yoenis Cespedes,Lucas Duda,
2016,2016/04/23,ATL201604230,ATL,Away,9,2,Neil Walker,Asdrubal Cabrera,
2016,2016/05/07,SDN201605070,SDN,Away,9,2,David Wright,Michael Conforto,
2017,2017/04/13,MIA201704130,MIA,Away,3,2,Yoenis Cespedes,Wilmer Flores,
2017,2017/06/06,TEX201706060,TEX,Away,9,2,Curtis Granderson,Travis d'Arnaud,
2017,2017/06/13,NYN201706130,CHN,Home,9,2,Neil Walker,Lucas Duda,
2017,2017/08/05,NYN201708050,LAN,Home,1,2,Wilmer Flores,Curtis Granderson,
2017,2017/09/07,NYN201709070,CIN,Home,5,2,Brandon Nimmo,Juan Lagares,
2017,2017/09/14,CHN201709140,CHN,Away,3,2,Dominic Smith,Travis d'Arnaud,
2017,2017/04/11,PHI201704110,PHI,Away,4,2,Asdrubal Cabrera,Yoenis Cespedes,
2018,2018/05/20,NYN201805200,ARI,Home,7,2,Asdrubal Cabrera,Amed Rosario,
2018,2018/09/13,NYN201809131,MIA,Home,9,2,Michael Conforto,Todd Frazier,
2018,2018/05/11,PHI201805110,PHI,Away,9,2,Michael Conforto,Devin Mesoraco,
2018,2018/06/17,ARI201806170,ARI,Away,9,2,Brandon Nimmo,Asdrubal Cabrera,
2018,2018/09/20,WAS201809200,WAS,Away,3,2,Michael Conforto,Jay Bruce,
2018,2018/08/13,NYA201808130,NYA,Away,7,2,Brandon Nimmo,Michael Conforto,
2019,2019/07/30,CHA201907300,CHA,Away,11,2,Jeff McNeil,Michael Conforto,
2019,2019/05/29,LAN201905290,LAN,Away,7,2,Amed Rosario,Dominic Smith,
2019,2019/04/06,NYN201904060,WAS,Home,8,2,Pete Alonso,Robinson Cano,
2019,2019/05/11,NYN201905110,MIA,Home,6,2,Pete Alonso,Michael Conforto,
2019,2019/06/06,NYN201906060,SFN,Home,1,2,Amed Rosario,Dominic Smith,
2019,2019/08/05,NYN201908052,MIA,Home,7,2,Michael Conforto,Pete Alonso,
2019,2019/08/09,NYN201908090,WAS,Home,4,2,Pete Alonso,J.D. Davis,
2019,2019/08/10,NYN201908100,WAS,Home,4,2,J.D. Davis,Wilson Ramos,
2019,2019/08/28,NYN201908280,CHN,Home,5,2,Jeff McNeil,J.D. Davis,
2019,2019/09/08,NYN201909080,PHI,Home,1,2,Wilson Ramos,Robinson Cano,
2019,2019/09/11,NYN201909110,ARI,Home,1,2,Todd Frazier,Brandon Nimmo,
2019,2019/09/12,NYN201909120,ARI,Home,5,2,Juan Lagares,Tomas Nido,
2020,2020/08/12,NYN202008120,WAS,Home,6,2,Pete Alonso,Dominic Smith,
2020,2020/09/19,NYN202009190,ATL,Home,8,2,Dominic Smith,Robinson Cano,
2020,2020/08/28,NYA202008281,NYA,Away,6,2,Dominic Smith,Jake Marisnick,
2020,2020/08/14,PHI202008140,PHI,Away,3,2,Dominic Smith,Robinson Cano,
2020,2020/08/17,MIA202008170,MIA,Away,6,2,Robinson Cano,Pete Alonso,
2021,2021/06/28,WAS202106280,WAS,Away,8,2,Pete Alonso,Billy McKinney,
2021,2021/07/19,CIN202107190,CIN,Away,1,2,Pete Alonso,Jeff McNeil,
2021,2021/07/19,CIN202107190,CIN,Away,11,2,Kevin Pillar,Michael Conforto,
2021,2021/06/09,BAL202106090,BAL,Away,8,2,Kevin Pillar,Mason Williams,
2021,2021/08/07,PHI202108070,PHI,Away,9,3,Michael Conforto,Jonathan Villar,James McCann
2022,2022/09/07,PIT202209071,PIT,Away,4,2,Tyler Naquin,Eduardo Escobar,
2022,2022/08/17,ATL202208170,ATL,Away,1,2,Starling Marte,Francisco Lindor,
2022,2022/04/15,NYN202204150,ARI,Home,8,2,Starling Marte,Francisco Lindor,
2022,2022/08/04,NYN202208040,ATL,Home,3,2,Pete Alonso,Daniel Vogelbach,
2022,2022/10/04,NYN202210042,WAS,Home,1,3,Brandon Nimmo,Francisco Lindor,Jeff McNeil
2022,2022/05/23,SFN202205230,SFN,Away,8,2,Jeff McNeil,Mark Canha,
2023,2023/04/07,NYN202304070,MIA,Home,8,2,Francisco Lindor,Pete Alonso,
2023,2023/06/29,NYN202306290,MIL,Home,3,2,Brett Baty,Brandon Nimmo,
2023,2023/07/01,NYN202307010,SFN,Home,3,2,Brandon Nimmo,Francisco Lindor,
2023,2023/07/18,NYN202307180,CHA,Home,1,2,Francisco Alvarez,Brett Baty,
2023,2023/07/29,NYN202307290,WAS,Home,9,2,Francisco Alvarez,Mark Vientos,
2023,2023/08/15,NYN202308150,PIT,Home,7,2,DJ Stewart,Jonathan Arauz,
2023,2023/08/30,NYN202308300,TEX,Home,2,2,Daniel Vogelbach,DJ Stewart,
2023,2023/07/25,NYA202307250,NYA,Away,6,2,Pete Alonso,Daniel Vogelbach,
2024,2024/08/31,CHA202408310,CHA,Away,1,2,Pete Alonso,Jesse Winker,
2024,2024/06/05,WAS202406050,WAS,Away,6,2,Luis Torrens,Francisco Lindor,
2024,2024/05/24,NYN202405240,SFN,Home,5,2,J.D. Martinez,Mark Vientos,
2024,2024/07/12,NYN202407120,COL,Home,2,2,Mark Vientos,Jose Iglesias,
2024,2024/09/19,NYN202409190,PHI,Home,1,2,Mark Vientos,Pete Alonso,
2024,2024/06/23,CHN202406230,CHN,Away,3,2,Francisco Lindor,Brandon Nimmo,
2025,2025/09/02,DET202509020,DET,Away,7,2,Juan Soto,Pete Alonso,
2025,2025/05/31,NYN202505310,COL,Home,4,2,Brandon Nimmo,Juan Soto,
2025,2025/07/02,NYN202507022,MIL,Home,2,2,Brandon Nimmo,Francisco Lindor,
2025,2025/08/12,NYN202508120,ATL,Home,7,2,Francisco Alvarez,Brett Baty,
2025,2025/08/15,NYN202508150,SEA,Home,4,2,Francisco Lindor,Juan Soto,
2025,2025/06/20,PHI202506200,PHI,Away,6,2,Pete Alonso,Jeff McNeil,
2025,2025/06/21,PHI202506210,PHI,Away,3,3,Francisco Lindor,Brandon Nimmo,Juan Soto
2025,2025/08/23,ATL202508230,ATL,Away,7,2,Pete Alonso,Mark Vientos,
2025,2025/08/23,ATL202508230,ATL,Away,9,2,Mark Vientos,Jeff McNeil,
2025,2025/06/05,LAN202506050,LAN,Away,3,2,Brandon Nimmo,Starling Marte,
2025,2025/07/11,KCA202507110,KCA,Away,9,2,Francisco Lindor,Juan Soto,
